"decade","Share of ODA commitments going to social/welfare services"
"1990-99",0.0131278430685877
"1980-9",0.00281139960932216
"1975-79",0.00203749698243969
"2000-09",0.0104525695531785
"2010+",0.0149459453246723
