"decade","Share of ODA commitments going to social/welfare services"
"1990-99",0.0131654982532871
"1980-9",0.00281140160480042
"1975-79",0.00203749698243969
"2000-09",0.0129479849230886
"2010+",0.0149928993050505
